{"cameraMode":{"drawMode":0,"name":"Shaded","section":"Shading Mode"},"sceneLighting":true,"audioPlay":false,"sceneViewState":{"m_AlwaysRefresh":false,"showFog":true,"showSkybox":true,"showFlares":true,"showImageEffects":true,"showParticleSystems":true,"showVisualEffectGraphs":true,"m_FxEnabled":true},"in2DMode":false,"pivot":{"x":-2.451110601425171,"y":1.8005495071411133,"z":99.52754211425781},"rotation":{"x":0.009677013382315636,"y":-0.9665073752403259,"z":0.2538130283355713,"w":0.03684744983911514},"size":9.822577476501465,"orthographic":false}