{"cameraMode":{"drawMode":0,"name":"Shaded","section":"Shading Mode"},"sceneLighting":false,"audioPlay":false,"sceneViewState":{"m_AlwaysRefresh":false,"showFog":true,"showSkybox":false,"showFlares":true,"showImageEffects":true,"showParticleSystems":true,"showVisualEffectGraphs":true,"m_FxEnabled":true},"in2DMode":false,"pivot":{"x":-1.2699999809265137,"y":-1.0938677787780762,"z":2.309999942779541},"rotation":{"x":-0.004315106198191643,"y":0.9889537692070007,"z":-0.1452297568321228,"w":-0.029378794133663179},"size":4.1660966873168949,"orthographic":false}