{"cameraMode":{"drawMode":0,"name":"Shaded","section":"Shading Mode"},"sceneLighting":false,"audioPlay":false,"sceneViewState":{"m_AlwaysRefresh":false,"showFog":true,"showSkybox":false,"showFlares":true,"showImageEffects":true,"showParticleSystems":true,"showVisualEffectGraphs":true,"m_FxEnabled":true},"in2DMode":false,"pivot":{"x":-1.5099999904632569,"y":-0.7506424188613892,"z":-2.239999771118164},"rotation":{"x":-0.005533317103981972,"y":-0.9622811079025269,"z":0.2713087797164917,"w":-0.019627612084150316},"size":3.7133381366729738,"orthographic":false}